Product Id,Product Name,Comments
775,iPhone SE,"awesome! stays on, and looks great. can be used on multiple apple products.  especially having nails, it helps to have an elevated key."
325,iPhone,These make using the home button easy. My daughter and I both like them.  I would purchase them again. Well worth the price.
321,iPhone,Came just as described.. It does not come unstuck and its cute! People ask where I got them from & it is great when driving.
111,iPhone 4,it worked for the first week then it only charge my phone to 20%. it is a waste of money.
127,iPhone Mobile case,"Good case, solid build. Protects phone all around with good access to buttons. Battery charges with full battery lasts me a full day. I usually leave my house around 7am and return at 10pm. I am glad that it lasts from start to end. 5/5"
465,Xenon Case,"This is a fantastic case. Very stylish and protects my phone. Easy access to all buttons and features, without any loss of phone reception. But most importantly, it double power, just as promised. Great buy"
697,Samsung s4,this case fits perfectly on the s4 and keeps me powerd all day I can not complain! a+ recommend it to all
998,Moto G2 Play,"This is the first battery case I have had for my Galaxy S4. The S4 fits veryery well, is slim and does not add much weight to the Galaxy S4. It doubles the battery life. You can charge either the battery, the phone or both. There is a handy on-off switch with leds to indicate the level of charge.The battery case came on time and was packaged well. Well worth the price."
200,Redmi Note 4,"Performs exactly as advertised . It is veryery  sturdily built,and provides lots of boost . It does exactly what it is supposed too .Easy to insert phone in and out . Definitely a 5 star experience. Do not know what I would do without this case LOVE LOVE LOVE it."
111,iPhone 4,"Not much to say, here.  This little charger works well and it was a lot less expensive than Sprint store."
198,iPad,"Just what I needed. I needed a phone case for myself and my two sons, but I also needed new replacement batteries. Now this is not the case, since I got both in one. Awesome thanks A+"
456,Lava x2,"When there is no outlets, or chargers near by its Powerbear to the rescue! Ordered one for my husband, and myself. Great purchase!!"
465,Lenovo X4,"It works great. Does not heat up like crazy like the other ones I got, and cheaper too! Its definetly the best power case for the S4 you can get, thats why I got one for me and my wife. I wonder why its called power bear.."
