Product Id,Product Name,Comments
361,Redmi Note 4,"Surprisingly, this inexpensive veryersion works just as well and just as reliably as the expensive veryariety. It has been working for me for months now. No problem. Excellent veryalue."
983,iPhone,"I have tested this against the griffin dual output unit.I checked the charging current.This unit was charging my galaxy note battery with 70 ma.Griffin was charging with 40 ma! And the griffin was 4 times more expensive.I have not used these for veryery long. I bought 15 of them, because they are so cheap and because they actually do seem to provide high current.No idea how long they last. I assume they will work fine. I have not been using them much. I did the testing , just to stock up on a high current charger. This passed and I stocked up."
198,iPhone,It worked great for the first couple of weeks then it just stopped completely.. so basically a small waste of money.
399,iPhone 4,I love that it has two ports for my phone and ipod. Who wants to be putting too many things in one socket.  Sleek and convenient to store and I just love it.
877,Redmi Cover Case,"just what you need, I am always having to charge my phone and then find I have another item to charge also."
220,Xenon Case,"does not have the need amps to charge things like ipads, or hp touchpads. but its super small and compact."
697,Samsung s4,"They are nothing special for sure, but it is nice that you can tell when it is powered up by the led that glows in it.  able to charge two phones at once in the car which is nice."
459,Moto G2 Play,"I have several chargers. Have more than one veryehicle so I keep more than one of these in each. Nothing more frustrating than finding all of a sudden one quits working, and you have no way to recharge your phone. That is always when you need it most.  This one works well for any of my products."
265,Redmi Note 4,I bought this a little skeptical. After I tried it I bought two more. It works great and so far it has lasted for about 3 months. If that changes I will update this review.
265,iPhone 4,I am disappointed that the 1A did not work with my iPad.  That is what I get for buying a cheap adapter.
987,iPad,"This is a nice charger but you can tell it was made cheaply in China.  When it is charging the phone, the car radio gets LOTS of static.  Not so much that I have to stop charging but like when you are near power lines and the radio station is far away.So, no RF shielding.I gave it 4 stars because it works fine for me, but if you listen to the radio, you might consider it is more like 2 or 3 stars."
127,Lava 2,After a week only one side works
111,iPhone 4,Yo get exactly what you order in a timely fashion. And the item is just as described. Great buy if you ask me
127,iPhone SE,"This is a terribly awesome product in my Subaru is console.  Passengers love it, I love it because it emits a blue glow, because it has held up to abuse over the years and performs like new."
361,iPhone 8,"I have bough a munch of different things like this over the years. Most would not stay in the jack, or would give out after a few days. This one is GREAT!"
