User Id,Product Id,Product Name,Rating,Age,comments
115,50,Nokia Windows Phone,5,46,I received this product before I expected. It looks pretty good and It works with my Iphone (3GS) and my phone (HTC Evo V 3D). It is a good deal because It is not easy to find something like this for this price
52,404,iPhone Charger,2,40,"I have several of these, from veryarious retailers, all the same, each made in some anonymous Chinese factory, all exactly alike.They are great. They really do work, and they do deliver 2.1 and 1.0 power as they say they will do. They do the job.You would not expect much QC for a $2 electrical product, but they each work just fine.They do not last forever-- about a year or two of active daily use seems about par, then they suddenly die. So do have some replacements on hand. At this price, no problem.Yes, they work with both my iPhone and iPad. Also with every other USB device I have needed to charge.The LED light that indicates you are plugged in correctly is veryery helpful.These are great for rental cars and travel. If you leave one behind, hey, it is only $2.I am totally pleased with these clever little gems. No complaints. I would not be without a couple, especially for travel.Hope this is helpful. Happy trails, all."
79,168,Sony,2,33,good product at low price.purchased this looking for a smaller charger and I love Griffin products.Free shipping just took a little longer
7,313,Charger,2,21,"I use this in my car to charge my phone and my iPod as needed. It works well, but the bright blue light can be annoying when driving at night. Overall, a veryery good deal."
39,235,ScreenGuards,1,37,I love this case! It is so pretty.And I love the way the case feels to the touch because of the rubber. Very happy!
6,33,iPhone,1,16,The idea of the design is a sweet idea but it wears off as the paint is over the case and not under a sealant or anything. It has a cool 3D effect but at the cost of the paint rubbing off.It is quite pretty though.
100,500,Samsung,2,21,"I was worried about this order because the picture on the description page kept changing to a less-desireable green/orange cover.  But alas, it came a day earlier than expected, and the beautiful pink product expected!  The ""rubberized"" cover feels a little greasy (like it was armor-all would), but the design is gorgeous and a little 3D looking!"
12,282,Redmi Charger,4,50,Another pretty phone case that I really love. I have many as I love t o change them around .thanks
165,160,Mobile Cover case,2,23,"The case is not white, its more of a silver. It is still a veryery pretty case- it fit my phone perfectly. It took too long to arrive."
29,317,Sony,5,32,Defintiely worth the price...You should order several.  Most cases are $15 and up especially at the cell phone stores.  I can not believe the mark up on these things!
66,435,Redmi USB cable,4,31,This is a great case... It fit my phone perfectly and I still use it from time to time. Would recommend
59,17,EarPhones,1,40,"Received this item veryery quickly. The design is even more veryivid than expected. The cover is soft (rubberized) but durable. I have received many compliments. It was an excellent buy! I would recommend this to anyone wanting a ""good look"" for their phone."
85,68,HeadPhone,5,15,this cover makes an old phone look and feel new. I like that I can order covers for little money and snazzy up my phone.
50,60,Mobile Case,1,40,"I loved the case when I first received it but shortly after, the case started to peel off at first i did not know what it was until i looked on the back of the case and it was missing spots. Guess sometimes a good deal is not really a good deal.would not purchase."
87,368,iPhone SE,1,37,"The color is more dark in person, and this isnt the best protection case. I get a lot of compliments on the case, and it was easy to put on."
7,168,Redmi Charger,2,18,Simple to install and a great way to help protect your phone.My wife really liked the ability to change the look of her phone.
121,144,HeadPhone,2,43,The case is pretty good. It dose have some scratches on one side of the phone but its every little. Other then that i like it. Ive dropped my phone a few times since putting on the case and it didnt break or scratch. Ive gotten many complements on this case and over all it was worth the few bucks I spent.
72,186,Redmi USB cable,5,43,This case is afordable and yes it peels veryery easy but thats to be expected because its a dollor. I bought mine from Electromaster. It snaps on fine for me but if I were to drop my phone the phone would be fine but the case would surely be done for. its only a dollar so do not get your hopes up. it looks great but its for show not for protection. if you want your phone to be protected go the extra mile for an outter box
160,143,Charging Dock,2,37,This is one of my favorite cases I have this one on my phone I really love the color a lot.
173,254,iPhone,5,21,It looked like it was used! It was broken when it got to be the paint job was horrible.I would never get it again
43,21,Sony,5,38,"This case for some reason is peeling, there is not much left of the orginal skin, i  loved the case with pink being my favorite color but i would not recommend this specific one for anyone."
136,456,Charger,1,29,Its rubberized does not look like it in the picture but it is It is really cute I love this case used it for awhile but I switch out cases like I do my shoes.
120,463,Samsung,5,45,"Received this in about a weeks time. Very nice actually considering how cheap the price was. It is a pink/purple with black leopard spots and has a veryery nice feel to it. I have not tried to remove it yet, but hopefully it will not give me any trouble when I do want to change covers."
23,23,EarPhones,5,42,This case was by far the best case I bought for this phone.  It is veryery stylish and I received many compliments
196,162,Mobile Case,2,37,"This is the cutest case EVER!  I love it because it was easy to apply.  I had to switch from the rubber one because after so many uses, it wears out like the bottom hem of a sweater that has been stretched.  This case keeps my phone intact and protected at the same time...WOO HOO!!"
65,311,Sony,5,18,my daughter liked it for a few days and then i didnt see it anymore on the phone. Use your judgement on that one.
161,498,iPhone,3,50,"very good charger, it woks fine, no complaints!!! I would recommend it!! It was good, but not using it anymore!"
66,1,ScreenGuards,5,37,"This product arrived when promised and in the condition promised. It is a genuine Blackberry charger. It was brand new and worked perfectly. For the price, I do not think you can ask for much more than that!"
156,181,Mobile Cover case,1,18,Great product. Use this with my Galaxy S4. At this price I bought 2 more. One for work and one to keep in the car incase I ever travel and forget my charger.
92,69,Redmi Note,3,33,"Honestly I have always loved this specific model, since you can just take it with you on the road not worrying if you end up losing it or leaving it where ever you go. Though it does not exactly meet the fast charging needs of high end phones, it works pretty well on all of them, you just need to be patient."
55,343,EarPhones,1,27,"I have had this charger well over a year now, and it still works perfectly.  Most chargers would have broken by now.  The folding blades make this more portable than the chargers that come with some Blackberry models that have adapters for different countries."
53,111,iPhone 4,1,32,"so far no problems, it charges fast that is what i need it. it doesn' have an USB as it specified, jus a direct wall charger."
32,236,HeadPhone,4,42,Great ! So far.I had this charger before and it seem to last pretty good 3 years fits most phones except Iphone and Galaxy 5  but that phone can still use it in the right side of the portal it will Judy charge it a bit slower. When this charger goes it tends to loose it is fit firmly in usb and has a short.
106,255,iPhone SE,5,27,Another veryery good phone charger that does the job and has a  veryery affordable price that anyone can afford  to buy it.
161,197,Charging Dock,2,47,Works well. We use this for travel and it lives in our luggage most of the year. For the low price having an extra USB charger this works great. Charges our Galaxy S3 and Note 2.
181,434,Samsung,2,27,"I needed a charger quick and I did not want to spend $20.00 at the convenience store for a short, crappy charger. For this price, the charger is great.Pros: The cord length is perfect if you have a tall bed. I do not have to struggle to see my phone when I am laying down.Cons: The plug in is a little blocky but nothing to worry about. The connecter does not like to stay in place 100% of the time. It does NOT fall out but if you wiggle it just right it disconnects the charge. My phone is also old and the port is a little worn. That could be my issue.If you need a good charger for a cheap price. Buy this!"
121,162,iPhone Charger,2,25,Bought as a spare charger for the house and turned into my main charger because my other one failed. Nice long cable and has held up for tons of charges for my Galaxy S3.
142,424,iPhone,3,35,The charger only lasted a week ad after that it just stopped charging my Samsung Galaxy S3.  They really need to start making these chargers better....I have been thru several!!!!
106,368,Redmi Charger,5,49,"This Charger is awesome! First of all I was not expecting it until between 12/12  and 12/17, but it arrived on 12/11,So That was a plus for me! Second, I was kinda skeptical about purchasing it because it says that its for a Galaxy S and Blackberry so that can mean a lot of things! but I figured what the heck its cheap, so what can I loose!  Well, I just got it today and decided to give it a try at work on my Galaxy S4,  it charged  from 80%  to 100%  in about 7 minutes!! Yes i timed it!  and also the cord is long which is a plus for me!  So if your looking for a fast charger with a long cord and not to mention a great price, this is the one!!update:  not sure what the other reviewer meant by saying these are poor quality chargers, because I have had mine for a little over 2 weeks and it is still going strong!!  Love this charger  especially  for the length!!"
46,25,Nokia Windows Phone,4,36,I purchase this for a backup at work.  It charges my SGS4.  I would recommend this charger for the Samsung Galaxy S4.
152,377,Lava Phone,2,24,This charger woks wonderfully on the Samsung Galaxy S4.  it chargers the phone fast and the price is great!  Highly Recommended product!
8,84,Nokia,1,31,This is another great product and i will always order from here in the future. money spent well!! If you need a great car charger this is the one you need!!
142,496,Nokia Windows Phone,1,32,goes into the lighter port a little rough but it charges the phone fine. I wish it had a little more reach so i could use the phone from the passenger seat of the car more comfortably but its not a big problem. it will reach pretty far because of the coiled section but this will put stress on the charge port of your phone which many people dont realize will eventually break it.
52,181,Charger,2,50,"I purchased two of these chargers for my sister and girlfriend. They both have Samsung Galaxy phones and needed a car charger so being the OEM fanboy I am, I swooped up on a couple of these for them while remaining slightly skeptical of what was actually going to show up in the mail at this price.I am happy to report I definitely received 2 OEM Samsung car chargers in the mail in sealed bags with part # barcodes (the kind you would normally receive in a new/refurb phone). Ca not go wrong with the price and certainly can not argue with the benefits of OEM verys. generic (mA output and reliability at the top of the list!)."
6,457,Redmi Note,3,23,I bought this for my Samsung Charge. It works perfectly and is built as solidly as the $20 Verizon charger. I highly recommend this car charger and thanks for the great price!
54,463,Redmi USB cable,3,18,"It does what it needs to do, veryery pleased. I bought some other cheap lame one and will never go back."
56,298,iPhone SE,5,35,"Charger works great. Have not had any issues with it at all. I wish it has a retractable cord like some other chargers I have used, but other than that, I love it."
122,256,EarPhones,1,45,It works great  thus  far no issues.  The only thing i might have limited was a usb Connect or it charges my t989 without fail
167,497,EarPhones,5,25,"The big store that is in every town now (can not say their name) either does not carry anything or is always out of stock. If they ever have anything is stock, it is cheap junk that does not last. I got this cord thru amazon for a fraction of the price I usually pay for the junk at that big national store. This cord works perfectly and has lasted for months now. I also bought at the same time 2 other cheaper charger cords thru amazon that work perfectly. Since this one still works, I have the other two to fall back on when this one finally goes out. This is a great car charger, and it does not cost near as much as the junk you get at the local store--not to mention this is the Samsung brand charger veryerses their junk."
63,219,HeadPhone,4,35,Good lengthEasy to useVery fast chargingI would recommend it to persons who use their phone a lot.
187,35,EarPhones,3,37,luving it  right now will last about 4 mo so you cant beat the price for it I got 4 of them
80,44,Samsung,5,29,"JUNK!!!......This product must be miss labeled.  I can not get my Samsung S2 phone to charge with this OEM charger.  The lights are on, the phone says its charging but nothing happens.  I am not sure if I got a defective product but it is veryery upsetting to sit in your car for hours and not see your phone recharge.  If you need a reliable charger, DO NOT purchase this product.If you need a car charger for your Samsung S2, I would recommend the Motorola Vehicle Power Adapter.  It charges fast and is dependable."
83,232,Nokia Windows Phone,2,21,"A veryery good car charger for your phones, charged my phone pretty quickly and quite affordable, I recommend it to anyone to have as a back up to your charger."
70,344,iPhone,5,15,"The Samsung car charger has stopped working within a 6 month period.  I thought a fuse was blown inside the unit but when I attempted to change it, I have noticed that it does not come apart like most veryehicle chargers."
96,84,Redmi Note,2,16,"WHAT A GREAT PRICE!RIGHT OUT OF THE BOX, PLUG N UPLOAD SUM JUICE ...DON'T KNOW IF DROPPING IT REPEATEDLY ON THE FLOORBOARD,OR OCCASIONALLY STUFFING IT IN CONSOLE TO HIDE CAUSED FAILURE ...BUT SOON THE GREEN LIGHT FAILED TO LIGHT, AND PHONES DISPLAY SHOWEDIT WASN'T CHARGING. SO EITHER SPEND SEVERAL MORE DOLLARS FOR ONE WITHA HEAVIER CORD/STRONGER SHELL OR TREAT IT AS A DELICATE FLOWER."
69,28,Mobile Case,3,49,Sprint wanted $30 fro the same item.  This is OEM and not third party after market. Bought two.  Work great
121,121,Nokia,1,23,Plugged into the car and worked the first couple of days. Has not worked since. My phone does not even recognize it is plugged in.
83,52,Sony,3,38,This charger works great. I love the fact that the LED on it does not light up until it is plugged into the phone. Great bargain.
115,79,Redmi USB cable,1,25,"Though I`m not a expert in cell phone chargers. This thing works good, but its not all fireworks and hotel parties. Its a charger and it works so I guess buy it."
189,404,Mobile Case,4,21,I used this charger for a couple of months now. Its a veryery good charger. It charges my phone veryery quickly.
6,111,iPhone 4,5,49,It is Samsung brand..works with my Android phones..Galaxy Nexus 4 and Galaxy S2 and S3...recommend it highly for anyone with a microUSB phone
128,265,EarPhones,1,36,I needed a car charger and this was veryery affordable and it worksgreat! The same thing from the store was three times the price.
142,135,HeadPhone,5,20,"good oem car charger, i originally bought it for my galaxy S2 and later on that week I upgrated to the Galaxy S3 and it works prefectly fine, I would recommend this product"
139,394,Nokia,3,33,You have to hold it in a certain place in other for it to charge. I will just buy the Verizon  charger instead
52,266,Redmi Charger,4,49,This charger works perfectly.  It is the official Samsung charger so I was sure it would work just fine. I highly recommend it.
72,386,ScreenGuards,2,46,"I use this charger with my GS2 from Straight Talk.  This charger is working as expected, charges the phone fine and seems like a quality product, not flimsy and cheap feeling like some chargers I have ordered in the past."
141,180,ScreenGuards,2,26,"This thing worked well when it actually functioned, but today it stopped working and I am past the 30 day return window by 10 days give or take.I am guessing the quality might not be great as that is why it stopped working, who knows.. What a waste of money."
122,206,Lava Phone,4,44,Hope to use it soon.  My other one worked sometimes.  This one does not have the light on unless you are charging.
59,282,Charging Dock,1,49,"es un cable para carro de excelente calidad , original de samsung , lo tengo algun tiempo sin ningun problema"
132,196,HeadPhone,4,45,"I went thru 3 car charges which they all either stopped working after a few uses or never worked to begin with.This car harder not only works it also charges my phone lightening fast!!! LOVE IT, LOVE IT LOVE IT!!If u are debating u can rest assured this thing is awesome."
49,355,Samsung,2,41,"First, this is kind of cheap-looking, but I did try to buy the cheapest OEM car charger I could for my phone, so that is forgiveable.  The springs on the side do not have much force, though, so this is constantly slipping out of the 12V car port.  The cable is sturdy, but the rubber near the connector is kind of stiff, which makes charging AND operating your phone on the go a bit of a hassle.  It is held up well since I purchased it though.UPDATE:  Stopped charging after a month."
137,51,iPhone Charger,3,22,"I have been using this for about 4 months now and it works just as it is intended.  I would buy again.  Quality product.The cord could stand to be a little longer, but it is of a decent length."
37,59,iPhone Charger,3,45,Works great nice long cord. Does the trick. Bought several of these to put in diff. rooms & one for work.
39,237,iPhone SE,2,34,Good charger and is perfect because it is also has a USB connection. Also love that it is original material it works like that too giving a quick charge when i need it.
113,77,Mobile Cover case,1,45,I have had 3 phone chargers go bad in two weeks. I can not say where I purchased them. Most chargers for cell phones are cheaply made. This one is OK I guess.
117,121,HeadPhone,4,17,"Got this to replace a frayed OEM cord. The cord itself is ok ;however, the plug that looks like OEM and is stamped as such, is crap! Took 8 times longer to charge with this unit! When the cord was paired with the actual OEM plug in, it worked fine. So if you need a cord its ok; however, it is definitely not OEM and the plug is worthless. For the price and really just needing a cord it is a good veryalue but I am veryery disappointed with the false markings as OEM when it is certainly not."
59,254,Mobile Case,2,44,"I received this product in a veryery timely manner which was delightful, however, I gave it as a gift and was embarrassed to find out it was a defective item. I was reimbursed for the product but would have much rather had a product that worked the first time."
80,281,Charger,2,34,It worked fine for a few days then I had to change to cord........The charger itself working fine up to this point..........Rather than send it back I bought another cord from sprint for $19.00
37,101,Nokia,5,26,"fast delivery, works well. Not veryery long."
122,260,Charging Dock,5,18,I thought this would be a Samsung product but look like a cheap counterfiet. It came crushed and is slow to charge my phone.
24,475,Samsung,4,40,This detachable sansung galaxy s2 travel charger is simply good. It works perfectly.  The cherry on the cake is because it is longer than the factory original l received with the phone.
53,30,iPhone Charger,3,15,Had all the marking of a legit samsung product but the cord stop working after 3 days. I am not upset because it was veryery inexpensive but maybe you should spend a little more and buy a better product off amazon. When it did work it worked veryery well.
159,134,iPhone SE,5,50,"First off, the charger works just as it should and all the ports stay connected just fine.People in other reviews were complaining that the cord was too short-- about 2 or 3 feet-- and that was what I was expecting. Instead, I got a 5 foot cord which is a bit long for the purpose I was going to use it for (in my car). Now I have a long cord dangling everywhere. That extra length may be a bonus for most, but I bumped down the rating due to seller is lack of description and/or consistency. Also I am fairly certain the product image was changed because when I ordered it, a different style adapter was pictured... I was expecting a square shape with the USB port on the side; I got the longer rectangle shape with the USB port on the end... hmm. There is no way to veryerify that now.In sum: Good charger with good connectivity, looks and acts like it is an original Samsung.  Cord length and adapter style may veryary as it seems like the seller is not consistent."
53,312,Sony,2,48,it is a charger for dirt cheap and the shipping was not more than the item. I wish they had the batteries i needed as well for my phone. but great all an all
100,151,Samsung,1,36,"although i do not use the charger, the cable is useful.  it is longer than what is given with the phone.  the additional length allows the phone to be placed in plain sight, instead of down by the wall receptical"
170,73,Nokia,4,45,"This charger does not charge the battery of my Samsung Galaxy S2 (i9100) properly.When I connect it to my S2, the screen gets frozen and the cell behaves in a unusual (abnormal) way."
122,90,iPhone Charger,2,30,This charger is exactly like the original one that came with my phone.  It is most definitely a good buy for the price!
91,142,Redmi USB cable,3,47,"works good with our phones, better actually than the charger that came with one of the phones initially , great price"
65,339,Charger,3,37,"Was here right on time.Wall adapter what I expected and works well but dose Not Have Quick-Charge As This ad states and that was the,Whole reason I chose this chager so that is horribly disappointing and inconvenient ..... The micro usb is useless it looks and acts cheaply made, and dose not fit well in to ports an either end will periodically stop working and my phone will freeze and turn off periodically as well....I know its the usd because I tried it in several devices and adapters and it had the same problems....I Will never order from Amazon Again Only two orders out of 13 have come without Defect or Wrong Probuct!Ugh!"
193,479,Redmi Note,5,35,I have not had any problems with it.  It just like the oringal charger that comes with the Galaxy S 2.
86,340,iPhone,1,33,"I would like to start off by saying that this product is what I ordered and I have no complaints about shipping or the condition of the product when it came to my house, the problem I do have is the micro usb cable that comes with the charger. Why is it that all of the different companies that sell chargers on Amazon can get the plug part of the charger right but not the micro usb cord? The cord is cheap and not the original cord that comes with the other part of the charger. I am having the same issue with the charger that I ordered for my galaxy note 2. It is a veryery thin cord, and also veryery short. Maybe, a 2 21/2 foot cord? And its of a cheaper quality than the part of the charger that the micro usb plugs into..."
191,373,Nokia,3,18,thank you. it did not disappoint. was as expected and does the job though I am going to a new phone as the galaxy 2 has been acting up consistently. shutting down by surprise etc...
111,430,iPhone,3,27,I love it.  It charges my phone quickly and the cord is super long.  I leave it at home but will purchase another to leave at work.
140,254,iPhone Charger,4,43,"In a nutshell, this is NOT an OEM charger.  Although it has the Samsung markings, it does not seat well with a Samsung phone.  This means that it is either meant for another market or it is counterfeit.  With that said, I would not buy this again.~~~~~~~~~~August 17, 2013 - UpdateThe seller tried to make amends by sending me three replacement chargers.  After using this for a while, it is still garbage.  It does not charge my phone and in fact, it drains the phone.  This must be a counterfeit product.  It has Samsung markings but it does not charge the phone.  DO NOT BUY THIS PRODUCT!!!!"
46,277,Redmi Charger,5,17,"After 2 weeks my charger just fell apart while i was taking it from the plug , not a strong charger at all i would have asked for my money but it was not even worth it ."
73,242,Samsung,2,36,I am pleased with this purchase.  The detachable cable option gives veryery good flexibility for use with other USB cable chargers.  Good quality for a travel charger.
194,280,Lava Phone,3,23,charges me up all the way. doubles my battery liek promised. case protects well and the color is awesome nice
120,377,iPhone SE,5,15,"The color is amazing all of my friends are jealous and ask me where did I get it. They are even more jealous when I tell them how much I paid for it! Great case, powers me up and VERY stylish. Matches my 5C PERFECTLY :)"
193,297,Redmi Note,3,48,much slimmer than I thought and it ads 125% battery. I am charged for the full day with this case.
167,248,Charger,4,24,"Great quality product , I love this case it is the perfect sidekick to an always dyeing phone . Now my phone is charged anywhere anytime thanks to powerbear . Really like the name of the case as well !! 5 stars deff !"
63,145,Lava Phone,1,19,This case helps me run my day smoothly without having to worry about my phone dying. Plus the color is veryery beautiful.
189,361,Lava Phone,2,29,Bought one for me and another for the wife. Acts as phone protector and charging case in one. Hold charge all day so no complaints.
147,118,iPhone SE,1,26,"This PowerBear case is a lifesaver!! Charges fast, always reliable. I also love the glossy texture of the case. Highly recommend!!"
76,57,HeadPhone,5,41,"This is a veryery well built and designed case,with a veryery cool and attractive color. Phone dies too quickly without it"
22,24,EarPhones,1,33,"I was surprised it game in three steps, but when i put the case together and slid my phone in, i loved it. It is hard to get off"
146,25,Charger,3,43,I was looking for something different to my wife and this case its strong and beautiful. Good price and i recommend it.
68,180,Sony,4,50,"Love it this case is just what I expected and I love the design, it is slim and protects my case more than I thought it would."
13,422,iPhone SE,5,46,"this is really cute phone case, i like it alot, and it came in when it stated it would too"
49,292,ScreenGuards,3,48,"Really cute but the heart does not really show up if you have the white iPhone 4. 3 piece case & fits like a glove, looks really cute. Shipping took about 2-3 weeks but really enjoy the case. Do recommend."
138,15,Nokia Windows Phone,2,24,This one came in broken  The bottom pice snaps on to the sides and the main backing is a inlay piece. Came in scuffed with paint and the pieces will not click in together. If it was not broken I would like it. Also if it was not in three click in pieces
183,12,Sony,1,21,Great case for my phone. Protects and keeps me charged. easy access to the button and sounds good too. i like it
86,111,iPhone 4,5,23,Other power cases muffled the speaker sound. This one had a great sound port on the back for clear listening.
126,467,Mobile Case,5,38,"Wow!  What a cute battery case! I saw a Christian sister with one of these on her phone!  That gave ne an idea-I decided to order me and my sister a battery case-mine is white, (since my phone is white), and my sister is is black,(since her phone is blue).Anyway, these little guys give you power for your phone! If we run out juice, especially when on the go, we can just connect this case to our phone, and it is POWER ON THE GO!! (I am just concerned about the functionality)."
47,287,Mobile Cover case,3,30,Great case. Doubled my battery life like promised. Ca not beat the price. I would recommend it for a friend. A+
161,472,Lava Phone,3,50,"Great case, sturdy, doubles battery, wont have to worry any more. I purchased this for my kid and he is veryery HAPPY."
190,147,Redmi USB cable,1,28,"Bought one for me and the wife (diff color;phone, not  wife, lol.). Firefighter work 24 hr shift and never know when if will get to recharge so this is perfect for me and anyone else that can not always plug in to charge each day."
180,111,iPhone 4,3,27,"I used to be obsessed with changing phone cases, but now I am obsessed with THIS phone case!! What a great find !! 5 STARS"
199,219,Mobile Case,4,35,couldnt watch movies on the htc without the battery dying. the phone is great for entertainment. but battery could be better. the powerbear cases is a great fit and a good kick stand on teh back for entertainment. im sold
199,288,Sony,1,16,This product is great. I like the kickstand on the back. The power indicator is veryery convenient to know charge pack status.
151,335,HeadPhone,2,28,Not Many HTC one battery cases for sale and this one is pretty good for the price. I would give it 4.5 stars and 5 if the price was $5 cheaper.
85,399,Mobile Case,1,19,"I never do this, but I almost bought this product based off of the amazing sounding fake reviews provided by the shills for PowerBear. If you look at all the positive reviews for this case, you will see that none of them are veryerified purchases and yet every negative review, other than this one of course, is a veryerified purchase. What that means is that everyone who has actually bought and used this product thinks that it is crap. Furthermore, many of the reviewers have posted twice on this product, once per color. Why Amazon allows this is beyond me, but that is not the point. Also, if you look at the profiles of the positive reviewers, you will see that they have posted multiple positive reviews for PowerBear products and many of the reviews are carbon copies of each other. Beware the paid shills!"
120,483,Mobile Case,3,26,"This is absolutely amazing, more than doubles my battery life, so I can forget about carrying my charger all the time.For such a good price, this is just the right deal. A++++++++"
168,96,Redmi USB cable,1,23,Bought case for me and wife to qualify for free shipping. Came in different colors to match phone.  Can go entire 24 hours without charging; but I am not a kid playing games all day long. No complaints or problems. (Personally I wrote another review in the wrong spot since we had diff phones and diff colors I f&%$ up)
50,122,HeadPhone,4,50,"Since I am always on my phone, the battery life is veryery short. After purchasing this battery case I am no longer worried about running out of battery life."
141,425,Sony,1,44,"Watch-out, all these positive reviews are fake. Some have even reviewed it twice using the same name. What a sleazy way to sell an item."
53,233,Redmi Note,1,46,"My brother just got the HTC One, and I promised him an awesome case like the one I have for my S4.Super sleek look, fits well, does not get overheated and saves the day every now and then! Especially when GPS is needed!"
144,468,iPhone Charger,1,22,The color pops out so well. Clips well to my phone and charges me up. I cant complain! No cons!
24,73,Nokia Windows Phone,1,26,The raised edges protect the screens from falls. The battery case looks stylish and charges me up. This case is fannnnntastic
58,354,Charging Dock,2,18,fits well on the phone and it is easy to use. the price is unbeatable and the product works like advertised
16,313,Nokia,1,34,The S5 is a fantastic phone. However because of its large screen the phone dies quickly. With the extended battery I am able to enjoy all of the phones features without losing power. Great buy.
21,447,HeadPhone,3,36,"Totally worth the money, It protects my phone in even of the most dangerous situations where I dropped my phone and it also keeps my battery going for Days. BRAVO!"
50,104,ScreenGuards,3,19,"I got this case for my nephew, and he claims that it was not what he expected. He has a charge case for his last phone, and it covered the whole thing. This is just like a back of the phone replacement, so it does not add to much weight"
149,471,iPhone Charger,2,49,"This is a really great case, looks and feels amazing, not to mention that the battery lasts for many hours."
196,387,iPhone Charger,3,19,"I think this case is an excellent choice, since it is not so bulky, the color is nice, the texture on the back is good for gripping, and it extends battery life. It is a life saver, and there is not too much on the market at the time for this phone so I am happy with it. Bought both blue and black for me and my brother right after we got home from the phone store. Would recommend."
198,31,Mobile Cover case,1,32,compre este Case hace veryarios meses y protege el celular de manera excelente..ni siquiera tube que comprar protector de pantalla y gracias a dios mi cel este nuevo..
63,172,Mobile Cover case,5,33,I was looking for a case for my new Galaxy S2 (At&t veryersion). The store was selling similar cases for $20 and $35. I just can not justify spending that much on a case. This case is made for the unlocked veryersion of the Galaxy S2. The size is the same. The only difference that I can see is the noise cancelling microphone is blocked. I drilled a little hole in the case and it works just fine
46,340,Nokia Windows Phone,2,26,i was raving to a friend about how amazon has great phone cases and how cheap they are and bought him this. it did not even fit his phone right. poorly made.
138,245,Mobile Cover case,4,19,"nice case, protective and good looking, it also has a nice changing texture in some areas. good buy for the price"
200,87,HeadPhone,1,35,"Bought this for my new AT&T; Galaxy SII, the case arrived super fast, its fits the phone perfectly and snug. I have no issues with any buttons, and the rubber is in a smooth, sort of laminated finish. It does not stick to your pockets. Overall, I am extremely happy with the purchase, especially for so cheap.And just FYI: This is for the AT&T; (i777), or International (i9100) Galaxy SII.This WILL NOT FIT Sprint, T-Mobile or the AT&T; Galaxy SII Skyrocket phones. You have been warned."
47,15,iPhone,2,25,"I liked the case, and for the amount of money paid, its a good buy, i personally like stronger cases, this is veryery flexible and indeed looks like a hard case, a little bit of more firmness wouldnt hurt.Protects VERY well the phone as well as the camera lens there is not one single part of the phone touching the surface of the table when i leave it there. Very Good purchase."
20,243,EarPhones,1,37,"I bought this for the at&t samsung galaxy s2 and the seller was veryery slow in getting this item to me. I also notice that this product do fit the SGS2, but the cut outs was NOT good. The cut out opening was too small for the power button, there was also an extra cut out for no reason. It does fit nice so I gave it 2 stars, but bad opening for my phone will be costly."
90,475,Redmi USB cable,1,45,"Like most of the other reviews say, this rubbery case has a smooth exterior, so it does not feel like an uncomfortable sticky rubber.  While still appearing to have a hard shell, the rubber itself is fairly soft, and does a great job of protecting from falls without feeling too bulky."
113,441,Redmi Note,1,34,"the case did not fit my phone; was a tad too small.  i could only get 3 corners into the case.  i wound up buying a two piece case that cost about $20 from a local store.  have dropped the phone so many times the case is beat to s***, and no damage to the phone.  good reason to buy a case, just not this one.my co-worker delayed in getting a case because he could not find one he liked, and broke the display screen, making his phone unusable.  buy a case, not this rubber thing.  i threw mine away within 5 minutes of it is arrival"
184,3,Nokia,1,26,This skin fits perfect in my SGSII and the phone looks great inside of it.It is a high quality skin and gives a veryery good feeling in your hands.I recommend this product for your SGSII.
172,163,Nokia,3,41,I prefer this style case to the otterbox and case mate as I feel it provides ample protection without turning the phone into a brick. Lightweight and sleek.
48,241,ScreenGuards,2,25,I like the case so far fits ok my Samsung Galaxy S2 I like that is veryery shiny and soft to the touch. My only concern is one of the corners is not totally covered so it wont protect it from scratches or a hit there that is why I am just giving it 4 stars. Well for the price i think it is ok.
77,429,EarPhones,3,30,Do not expect more but it works well for the reason you buy.I was looking for a cheap skin case and was not willing to pay a hefty amount for the case at least for the initial period after buying my unlocked galaxy s II.Di not Expect much before buying.But it really does work well.4 $ with 2 day shipping free is really a good deal if you are looking for a perfect tpu case protecting your phone.
145,160,Redmi Charger,4,17,Great case fit my samsung galaxy s2 great will order again fast shipping it make my phone look super sexy trust me you need to order 1.
45,185,ScreenGuards,2,46,I read the first few reviews and did not read any further and now I wish I had cause this thing does not work for the Sprint Galaxy s2. Wish I had known that.
98,463,Redmi USB cable,5,33,Be careful when ordering these cases. Not all Galaxy II is are the same. Mine was a Sprint and this one did not fit my pnone. It went into the trash can as it wasnt worth sending back. Otherwise I am sure it is a great case.
107,203,Nokia Windows Phone,5,33,"arrive on time, good quality, functionally, recomend to protect the samsung galaxy S 2 I9100, fit exactly , recomend to the owners of this smartphone ."
183,457,Mobile Case,3,50,"I was expecting a bit higher quality product but it is what it is. I have used it for a few months and it definitely helped when I dropped my phone. But at this point, I am not using it anymore due to the quality of the product, although 'good', it could be better and more solid."
131,472,EarPhones,4,27,"there is a different between the size/design of Galaxy II that is carried by USA and what is carried by Asia.  I am in USA, I ordered the cover for Galaxy II that i bought from USA, the cover did not fit, and the speaker location is different from the phone.  I copmared the cover to another Galaxy II that is sold in Asia and i found that the design is different.So if you bought Galaxy II from USA, do not buy cover from outside USA"
166,498,ScreenGuards,1,42,"It is good, and look so cute. I like it. It is cheap than when i saw in a store."
117,407,Redmi USB cable,3,37,"I made a good choice whenI thought of buying this, its veryery safe, & not to bulky! Overall veryery satisfied customer."
42,297,Sony,4,45,Very satisfied with my purchase. The quality is good and the shipping is quick. The case provides enough friction to enable a good grip on the phone. TPU (the plastic material where the case is made of) veryirtually resists oil and dust. I used to have an Otter box for my other phone. The protection is excellent BUT the silicone attracts dust like crazy. The S-Style pattern at the back is more of a personal taste - some people like it but some other may not. To me it adds some flavor to an otherwise plain black case. The protection on all 4 sides on the front panel looks sufficient (anyone dare to slam your phone on the floor to test it out?). I wish the top margin (above the earphone) can wrap down by a few mm. Overall I feel my phone secured in the case.
69,304,Redmi Charger,5,17,"totally awesome, It was made with good quality and I would purchase this again in another color it still looks new!"
178,216,iPhone,2,46,this case is better than i thought i love the feel and design and it is well made and doen not collect dust.
140,329,Lava Phone,4,44,"This product arrived quickly. It fits my HTC and is easy to get on and off, I have no complaints."
115,387,iPhone,3,25,"Great Grip, Great Style, Gerat Durability, Great PRICE! Lasts long. SLIM FIT! Should be included in every HTC sensation purchase and if it was it may have beaten the iPhone 5! Too bad HTC"
181,132,ScreenGuards,2,43,"A note of caution from someone who owned and used just about every major Blackberry model: if you already own a standard USB 2.0 cable and you do not need an extra, then you do NOT need this cable. All a Blackberry needs for data transfer is a STANDARD USB 2.0 cable with a Micro-USB connector at one end.There is NOTHING special about this cable and nothing justifies the artificially inflated MSRP listed for it. While this item is sold at a 90% off the MSRP discount, it is probably okay to purchase one, for as long as, after reading the first paragraph you decide that you will need a USB 2.0 cable.The items has 2 stars taken away for the exaggerated marketing claim (professional grade custom cable) and for the inflated MSRP.NOTE: Please make sure that you buy cable with a MICRO-USB connector because this is what your Blackberry needs."
14,111,Redmi Charger,4,42,this is a good product is just a usb cable it work perfect just like a oem cable. . .
9,127,EarPhones,5,41,"Well, went on the internet first....$14.00, then to a veryery well known store, here in Gloucester, MA, $28.  I was not happy.  Then, of course, I knew Amazon would come up with something...they did, $4.00 and change...it arrived promptly.  I cannot say enough about Amazon, they are realistic in their prices, knowing that people do not have that kind of money to pay for a wire,,for 14 or 28 dollars. I have never been so happy to get what I need without spending my last dollar for it.  Thank you again and again."
136,209,iPhone Charger,3,16,"I would like a extra cable for my smartphones at work, so I purchased this one. Nothing special as long as it is working, and it is.No complain."
46,112,Sony,3,21,"There is a difference in USB cables.  On some computers, including mine, the USB ports are underpowered, and some poor cables do not transmit data well.  I have purchased some cheaper cables that would not transmit data between my computer and my Blackberry Storm 9530.  This cable works great, even with my underpowered USB ports."
18,210,Redmi Charger,2,35,"I bought this micro usb cable because it was cheap, and that it is. I use this with my Nexus s 4g from sprint and although it does indeed charge my device it causes some major issues, such as screen lag, my computer not being able to recognize what kind of device this is, and causing my phone to constantly jump into car mode. So if you need a real quick cable for basic charging, this will do it, anything else...spend the extra buck on a higher end cable."
168,450,EarPhones,3,38,"I purchased 3 of these cables because they were cheap and got good reviews.  I do not know how people are getting these cables to work... but out of the 3 I bought, 0 have functioned properly with my Palm Pre!  The best I can do is get it to charge, though the entire time it is charging the computer is complaining about ""Unknown Device"" and ""Could not install drivers"" even though it works beautifully with the original cable.  The only setting that works is ""Just Charge""!  Each of the 3 cables fails slightly differently which makes me believe that each has a different flaw!  I have tried this with my Wife is Palm Pixi as well as used different computers and that failed as well.  Look elsewhere when attempting to purchase a cable for your Palm device!"
184,259,Mobile Case,2,21,this phone cord is so easy to use and easily connected from phone to computer. great veryalue for the price.
173,491,iPhone,3,33,"This cable is better than original.  Never any issues with phone recognizing USB connection, as the original does, when plugged to PC."
190,66,Charger,1,39,"I bought this recently and did not expect much, as it was only $2.99 shipped to my door.  For that much money, how can you go wrong?  So, I have not used it to transfer data yet, as it it plugged into my PC at work just for charging.  When plugged in, my Palm Pixi prompts me, just as the factory cable does, to transfer or charge.  I have used this cable about 10x to charge now, and it works great!  Do not hesitate to purchase this if you need another cable, or two!"
28,324,Nokia,1,39,"A good inexpensive cable that works like the original.  I purchased this cable because I wanted one that would work with the touch stone I just purchased.  After reading several reviews and looking at competing cables I deciding on this one.  While several inches shorter (40"") than the original it works well and with the touch stone.  I used this cable mainly for use in the car."
169,16,Redmi USB cable,5,38,"The cable worked great with the pre if you need an extra one, but I suggest purchasing the whole unit--plug and all, not just the cable, because with shipping and handling it gets to be the same price."
18,201,Redmi Note,4,49,not much to say about a wall charger except it charges my bluetooth perfectly.  I am glad I bought it.  Thank you!
166,211,Redmi USB cable,3,23,"This charger does the trick.  The charger in my car does not work when the ignition is off, and who wants a dangling cord hanging down in their field of veryision while driving.Have charged the T505 up once since I got it, and the battery life is reported to be around 18 hours of usage or 30 days of standby.  I may charge it every couple of weeks.  Very convenient accessory."
173,83,Mobile Case,1,28,"The Motorola T505 does not come with an AC charger, only a DC charger. This makes a great addition to the package. You can charge in your home at night."
6,177,Nokia,5,23,"I was initially leary about purchasing this item due to the extremely low price and to have free shipping also, but I needed a wall charger since Motorola only includes a car charger with their wireless car phone speakers.  So I took a chance (due to the low price and free shipping) and was pleasantly surprised.  The charger appears to as well made as the other after market chargers I purchased previously for my e-book reader, PDA, camera, etc., and at less than 25% of the cost.  I charged my Motorola speaker without any problems."
124,175,iPhone Charger,2,36,we bought this charging cord because the t505 only came with a car charger.  we now have 2 t505 with the 2nd one intended for use with connecting our bluetooth enabled phones with the home stereo.  this cord offers a convenient way to charge both as we are not in the car for long enough periods for the device to charge completely while travelling.  by bringing in the devices we are able to charge overnight to a full charge.  great price and no complaints with receipt of material in either packaging or transit time.
180,449,Redmi Note,5,36,"It is true! This cable outperforms the original! When I charge my phone, it is chargier. The data is more datery and the phone is more phoney in general. If I wear the cable around my neck like a bolo tie, people like me better and I can run faster and jump higher.  If I circle my dinner plate with it, the food tastes better. Basically this cable makes everything better than the original. I am thinking about getting a 2nd one!"
152,120,Nokia Windows Phone,2,15,"This is clearly not a HTC cable as it has the Blackberry logo on it and the bulk packaging label says Blackberry...but it is a OEM micro usb cable none the less and works perfectly on any micro usb device I plugged it into.While I have not tested it is speed against other cables I doubt it outperforms any other OEM cable but it works and that is all I asked for of it.The cable is a bit thick and as a result is stiff but not unmanageably so.It should also be noted that the cable shown in the picture is not of the actual product, that is a mini usb cable and appears to be quite a bit longer than the product, this cable is 1m long."
22,22,Mobile Cover case,3,42,"""This cable not recommended for this device."" That is what I get for an error message. Plus it is really short."
44,261,Charging Dock,1,50,"I only trust HTC accessories for HTC phones having bad luck with aftermarket products that are cheaper, but cheap is expensive."
117,43,Nokia Windows Phone,4,45,"I will never understand how one review can say this item works exactly as it should and how the next complains about it not working...for the EXACT same phone! I just do not get it. I decided to try it out despite the people that said it did not work, and I am glad I did. It is exactly what I expected and wanted. I actually bought 2 of these so I could leave one in my car and one at work. For only $4 and some change for the both...this was a GREAT buy for me and now I never have to worry about my Incredible running out of battery!"
171,346,Charging Dock,1,25,I was really impressed by the price and was veryery excited when it arrived. But it does not work like it says it does. At first it charged my phone just fine but then it stopped charging; I waited a day to charge again but it still did not charge.
127,3,Nokia Windows Phone,4,48,well bought this so i could have a spare cord since i have the original cord in my car with a usb charger there got tired of keeping track where i had it last.  so this cord works on when plugged into the wall.  when hooked to a pc phone wont stay connected to the pc to transfer files or anything.  so if you just need a cord to plug into the wall this will work but do not even think of this cord if you want to use it with a pc.
94,65,Redmi Charger,5,30,I use this cord to charge my phone in my pc at work and it works great. Does not charge super fast but charges it none the less.
170,238,ScreenGuards,2,40,this product is great veryalue for the price. and it works like it suppose to. you can not beat it. you always need extra cords.
49,451,iPhone SE,4,31,poor manufacturing quality the connector is too long and does not properly fit in my phone. I would not buy this.
85,153,iPhone Charger,4,40,"cable works fine with my veryerizon Galaxy S4, it charges and transmit the data fine.However, connector tip(phone side) is too thick, it will not fit if you use aftermarket cases."
85,382,iPhone,3,37,It is what it is. A charging and sync cord. It charges the phone and helps transfer data from the phone to the computer.
3,362,ScreenGuards,3,19,"The cable is good, but it does not fit the Samsung Galaxy S4. It does plug in, but not far enough in to hold securely."
53,54,iPhone SE,3,25,"works great and charges ipads, tablets, smartphones as well as bluetooth speakers and headsets. I would recommend it to anyone looking for a universal car charger."
49,94,EarPhones,2,20,"I could only give this USB car charger 2 stars because although it worked fine for about 3 months, it subsequently died on me.Pros:-Has 2 USB ports for charging, one (the top) is 2.1 amps.  The bottom slot is lower, presumably 1 or 1.5 amps.-Fits well in my charging socket - holds tight.  I have had some that were loose in my charging socket.-Works well to charge my iPhone in the top slot and the bottom slot works with most Android phones, except the veryery high end ones.-Has a blue LED light to tell you it is on and ready to charge.-The USB sockets seem to be well made and tightly fit all my cables.-Pretty solid construction.-It cost less than $2.Cons:-It died on me after 3 months.I had really enjoyed using this USB charger.  It rapidly charged my iPhone and worked well with charging the phones of my family and friends.  The two slot design makes this design veryery handy; with a 1 slot design, no one else can charge their device unless I remove my cord.  Of course, after this charger died, I had to go back to the 1 slot design I was using before.After 3 months, I began to notice the LED light flickering.  It was less than a week later that is quit working permanently.  I am not sure what the problem was - faulty wiring, bad design, I guess I will never know.  I thought about getting another since they are so cheap, but then I thought better of it.  Maybe they are so cheap because they are simply disposable after a short period of time.For whatever reason, it died and I was forced to look for another 2 slot design - I have not found one in my price range yet."
6,362,Charging Dock,1,24,"This charger works great and is short, unlike most chargers. It does a great job with charging both my phone and my GPS when I am in the car.  Great veryalue and easy on the wallet."
153,155,iPhone SE,4,45,"I bought 2 of this and tried to test first ... after few minutes of charging, it felt hot. Pulled it out and the product smelled burnt. Tried the other one too and same thing. Be careful... this one could be fire hazard or could potentially destroy the electrical system"
150,480,Mobile Case,4,24,This portable USB Port car charger is a must have for people on the go.  Pair this with an extra or spare cord and you are good to go!
185,351,Charging Dock,3,32,Did not last veryery long. Worked great when it worked but it is a cheap piece of plastic crap so I should not have expected it to last.
64,396,Redmi USB cable,1,16,"excellent product, works great , have easy handling, and good quality as it is announced. reached as is shown time and in veryery good condition thank you veryery much for everything"
173,276,Mobile Case,4,22,Purchased two and we put one in each car. Now we charge our ipad and iohone together. Can also use to power my Galaxy Note 2 or recharge other USB devices. If you have to think about it you need counseling
100,410,Sony,2,46,great charger for 2 devices and i have not had any problems so far 3yrs now
153,358,Samsung,3,44,
169,285,Nokia Windows Phone,1,27,
139,203,Redmi USB cable,5,49,
179,345,Nokia Windows Phone,3,45,
155,386,Mobile Case,2,20,
166,444,EarPhones,5,28,
41,80,iPhone SE,3,39,
138,108,Nokia,3,26,
4,111,iPhone 4,1,38,
144,62,Redmi Charger,4,24,
153,269,Charger,4,40,
97,455,Mobile Cover case,4,43,
63,25,Redmi Charger,5,50,
29,43,iPhone Charger,1,23,
59,137,Sony,3,16,
156,69,Redmi USB cable,5,40,
28,54,Redmi USB cable,1,31,
107,231,Nokia Windows Phone,1,46,
112,289,Nokia,1,50,
135,445,Samsung,3,19,
150,63,Mobile Case,4,46,
165,419,HeadPhone,5,47,
147,440,HeadPhone,2,47,
86,413,iPhone Charger,1,26,
97,277,Redmi USB cable,5,33,
121,488,Redmi Charger,2,29,
89,446,EarPhones,4,33,
161,356,EarPhones,2,47,
160,243,EarPhones,1,35,
109,236,iPhone,5,15,
25,177,EarPhones,2,19,
163,399,Charging Dock,3,35,
13,111,iPhone 4,1,21,
48,163,Redmi USB cable,4,17,
82,68,Nokia Windows Phone,2,24,
106,175,Samsung,4,47,
118,249,Mobile Cover case,5,35,
173,278,Lava Phone,5,21,
38,142,HeadPhone,1,15,
153,368,iPhone SE,5,49,
33,265,Mobile Cover case,2,49,
30,339,Sony,4,38,
36,249,Nokia,1,50,
51,407,Redmi Note,4,28,
144,230,Mobile Case,1,33,
97,23,Redmi USB cable,2,27,
9,105,HeadPhone,4,35,
86,437,Lava Phone,1,32,
63,233,EarPhones,4,19,
129,346,EarPhones,2,32,
143,387,Redmi USB cable,4,37,
36,116,iPhone Charger,4,39,
36,2,Charging Dock,5,48,
61,259,Lava Phone,2,44,
30,419,Charging Dock,1,43,
18,17,Redmi Charger,2,34,
27,138,EarPhones,3,38,
95,223,Redmi Charger,5,45,
49,130,iPhone Charger,5,28,
47,478,iPhone,3,49,
48,45,Redmi USB cable,1,47,
49,13,HeadPhone,3,47,
65,195,Samsung,5,23,
143,52,Samsung,1,44,
2,422,Sony,3,20,
32,281,Sony,3,31,
155,427,iPhone,5,33,
65,405,Nokia,2,16,
74,427,EarPhones,4,29,
159,277,iPhone,2,30,
124,447,Nokia Windows Phone,2,33,
120,375,Samsung,4,40,
54,141,Sony,1,33,
32,293,Redmi USB cable,4,38,
154,111,iPhone 4,3,41,
143,224,HeadPhone,1,20,
112,228,EarPhones,2,25,
170,473,Nokia,2,21,
2,234,Redmi USB cable,2,40,
47,14,Charging Dock,4,19,
141,187,iPhone SE,1,20,
64,346,Lava Phone,3,37,
172,455,Redmi USB cable,1,46,
49,382,Redmi Note,4,32,
20,190,HeadPhone,5,23,
168,111,iPhone 4,2,28,
184,402,Redmi USB cable,1,23,
13,479,Mobile Case,2,41,
87,80,iPhone,4,27,
119,290,Charging Dock,4,45,
147,319,Charging Dock,3,16,
127,494,Nokia,3,37,
142,94,iPhone SE,2,28,
72,147,Sony,4,16,
20,141,Mobile Cover case,2,39,
192,10,Nokia,4,43,
187,191,Charging Dock,1,47,
199,187,Samsung,5,38,
111,390,iPhone,4,47,
72,420,Nokia,1,16,
127,486,Charging Dock,2,34,
166,263,Charger,4,44,
35,353,Redmi Note,3,43,
84,83,Samsung,3,44,
74,129,Lava Phone,2,44,
184,2,Samsung,5,42,
14,472,Redmi USB cable,1,28,
1,449,Sony,3,26,
69,474,Mobile Case,3,36,
147,488,Nokia,5,33,
29,328,EarPhones,2,38,
170,120,Redmi Note,2,50,
30,111,iPhone 4,5,44,
113,381,Redmi Charger,5,28,
31,44,Mobile Case,1,41,
151,250,Redmi Note,1,26,
17,199,iPhone SE,4,19,
151,272,ScreenGuards,1,16,
174,64,HeadPhone,4,32,
80,9,Redmi USB cable,4,37,
49,252,Samsung,5,39,
140,7,Redmi USB cable,4,49,
80,277,Charging Dock,2,34,
65,479,HeadPhone,1,37,
122,477,Redmi Charger,3,30,
184,307,iPhone SE,1,34,
121,94,Mobile Cover case,1,17,
70,499,HeadPhone,3,16,
19,381,HeadPhone,4,32,
36,458,Redmi Note,4,21,
126,499,Sony,5,39,
116,266,Mobile Cover case,2,30,
144,207,Charging Dock,5,31,
1,316,EarPhones,2,39,
152,373,Mobile Cover case,1,46,
98,346,Redmi Note,4,22,
7,355,Mobile Cover case,3,40,
195,337,ScreenGuards,5,18,
110,253,HeadPhone,3,21,
140,134,Charging Dock,3,48,
103,373,Nokia Windows Phone,2,41,
67,241,Redmi USB cable,1,20,
189,119,Redmi Note,4,38,
57,213,Samsung,4,20,
82,487,Samsung,4,35,
47,186,Mobile Case,2,20,
180,450,Nokia,3,39,
136,219,Nokia,5,39,
156,127,Redmi USB cable,4,22,
31,314,Nokia,4,32,
149,28,iPhone Charger,5,18,
158,319,Mobile Case,2,27,
191,111,iPhone 4,1,15,
192,334,Redmi Charger,2,34,
160,83,Lava Phone,4,22,
87,3,Redmi Charger,1,42,
54,473,Lava Phone,3,18,
83,227,Sony,3,28,
183,111,iPhone 4,4,27,
83,225,EarPhones,1,21,
169,205,EarPhones,2,20,
196,147,Sony,1,22,
65,324,Mobile Case,3,20,
118,131,EarPhones,1,23,
118,411,iPhone Charger,2,20,
76,62,Samsung,1,28,
132,456,Lava Phone,5,18,
172,66,ScreenGuards,3,36,
80,55,Redmi Charger,3,41,
107,475,Sony,1,17,
6,498,HeadPhone,2,38,
163,440,Samsung,1,17,
27,140,Lava Phone,2,24,
72,372,iPhone SE,3,39,
194,6,Nokia,1,44,
10,116,Redmi Charger,4,29,
105,457,iPhone,3,36,
81,209,Redmi USB cable,5,17,
77,462,Redmi USB cable,1,47,
180,209,Redmi USB cable,3,19,
86,384,Samsung,2,31,
27,204,iPhone SE,4,49,
71,261,Lava Phone,4,31,
200,240,Redmi Charger,4,30,
109,339,Charging Dock,1,17,
159,238,ScreenGuards,1,38,
152,100,Samsung,3,47,
173,191,Charging Dock,2,45,
2,111,iPhone 4,5,46,
135,372,iPhone,1,26,
158,220,Nokia,3,24,
197,67,ScreenGuards,4,45,
158,249,ScreenGuards,2,16,
10,202,EarPhones,3,25,
77,12,Lava Phone,2,44,
28,424,Nokia,5,20,
19,367,Charger,5,28,
119,132,Redmi USB cable,2,17,
5,359,Sony,2,45,
23,111,iPhone 4,5,48,
28,473,iPhone,2,32,
