Unnamed: 0,Features
0,"['awesome', 'believe', 'look', 'stylish', 'great', 'quality', 'make']"
1,"['nice', 'condition', 'free', 'perfect', 'big', 'claim', 'great', 'get']"
2,"['elevated', 'awesome', 'great']"
3,"['easy', 'well', 'like', 'price', 'make', 'worth']"
4,"['people', 'cut', 'come', 'great']"
5,"['charge', 'waste']"
6,"['good', 'build', 'start', 'access', 'return', 'full', 'leave', 'solid']"
7,"['stylish', 'easy', 'access', 'great']"
8,"['perfectly', 'complain']"
9,"['well', 'galaxy', 'handy', 'level', 'price', 'weight', 'add', 'charge', 'worth']"
10,"['easy', 'boost', 'perform', 'love']"
11,"['completely', 'let', 'strong', 'people', 'made', 'charge', 'resistant', 'build', 'became', 'cost', 'sleek', 'dropped', 'rechargeable', 'center', 'leave', 'design', 'like', 'take', 'light']"
12,"['new', 'needed', 'awesome']"
13,['great']
14,"['get', 'bear', 'like', 'great']"
15,['well']
16,"['work', 'galaxy', 'fine', 'output', 'high', 'provide', 'charge', 'bought', 'cheap', 'seem', 'note', 'long']"
17,"['completely', 'waste', 'great']"
18,"['sleek', 'love']"
19,"['find', 'charge', 'need']"
20,"['compact', 'charge', 'like', 'need']"
21,"['nice', 'charge']"
22,"['well', 'charge', 'keep', 'need']"
23,"['review', 'little', 'bought', 'great']"
24,"['work', 'cheap', 'get']"
25,"['stop', 'nice', 'like', 'listen', 'made', 'consider', 'fine', 'charge']"
26,['side']
27,"['great', 'timely', 'fashion', 'get']"
28,"['awesome', 'emit', 'like', 'new', 'product', 'perform', 'glow', 'love']"
29,"['jack', 'like', 'give', 'great']"
30,"['side', 'stop', 'bad', 'quality', 'cheap']"
31,"['like', 'finish', 'great', 'dont', 'charge']"
32,"['good', 'believe', 'price', 'come', 'worth']"
33,"['great', 'cheap', 'piece', 'plastic', 'cap', 'long']"
34,"['easy', 'good', 'condition', 'quality', 'great', 'product']"
35,"['galaxy', 'need', 'put', 'note', 'charge']"
36,"['charge', 'great']"
37,"['work', 'total', 'pro', 'cool', 'put', 'light', 'clear', 'product', 'easily', 'piece', 'fine', 'top']"
38,"['charge', 'tax', 'bought', 'high']"
39,"['great', 'compact', 'needed', 'cheap', 'bought', 'charge']"
40,"['nice', 'great', 'light', 'low', 'charge']"
41,"['well', 'charge', 'great']"
42,"['device', 'bad', 'made', 'charge', 'solid', 'well', 'guess', 'short', 'price', 'cost', 'charged', 'tightly', 'seem', 'top', 'handy', 'pro', 'high', 'better', 'cheap', 'fine', 'notice', 'give', 'design', 'remove', 'quit', 'look', 'light', 'forced']"
43,"['easy', 'charge', 'short', 'great']"
44,"['fire', 'bought', 'product', 'electrical']"
45,"['people', 'good', 'charge', 'spare']"
46,"['better', 'charge', 'love']"
47,"['charge', 'bought']"
48,"['easy', 'good', 'like', 'price', 'find', 'product']"
49,"['work', 'device', 'deliver', 'electrical', 'price', 'say', 'great', 'light', 'hope', 'made', 'needed', 'hand', 'product', 'leave', 'little', 'fine', 'charge', 'correctly']"
50,"['good', 'free', 'price', 'little', 'low', 'product', 'charge', 'love']"
51,"['well', 'good', 'light', 'needed', 'charge']"
52,['love']
53,"['design', 'paint', 'cool', 'cost', 'effect']"
54,"['design', 'like', 'green', 'little', 'rubberized', 'product']"
55,"['change', 'love']"
56,"['perfectly', 'long']"
57,"['mark', 'price', 'worth', 'believe']"
58,"['perfectly', 'great']"
59,"['design', 'look', 'good', 'rubberized']"
60,"['like', 'look', 'old', 'new', 'little']"
61,"['good', 'guess', 'started', 'shortly']"
62,"['easy', 'color', 'put', 'get']"
63,"['help', 'look', 'great', 'liked', 'change']"
64,"['side', 'good', 'like', 'break', 'little', 'dropped', 'worth', 'give']"
65,"['easy', 'snap', 'show', 'want', 'great', 'utter', 'bought', 'get', 'fine']"
66,"['color', 'favorite', 'love']"
67,"['paint', 'like', 'get']"
68,"['favorite', 'color']"
69,"['like', 'look', 'cut', 'rubberized', 'love']"
70,"['nice', 'remove', 'trouble', 'price', 'want', 'cheap', 'change', 'give']"
71,"['stylish', 'bought']"
72,"['easy', 'like', 'love']"
73,"['liked', 'see']"
74,"['fine', 'good', 'charge']"
75,"['condition', 'perfectly', 'price', 'new', 'genuine', 'product', 'charge']"
76,"['work', 'galaxy', 'price', 'keep', 'great', 'forget', 'product', 'bought', 'charge']"
77,"['well', 'need', 'high', 'take', 'fast']"
78,"['well', 'perfectly', 'come', 'make', 'charge']"
79,"['need', 'direct', 'just', 'fast', 'charge']"
80,"['side', 'good', 'galaxy', 'short', 'great', 'right', 'seem', 'charge']"
81,"['good', 'afford', 'price', 'unfordable', 'charge']"
82,"['well', 'galaxy', 'price', 'great', 'low', 'note', 'charge']"
83,"['see', 'perfect', 'great', 'block', 'issue', 'charge', 'short', 'price', 'old', 'little', 'pro', 'want', 'needed', 'cheap', 'right', 'fall', 'place', 'good', 'like', 'need']"
84,"['nice', 'galaxy', 'charge', 'spare', 'bought', 'long']"
85,"['start', 'galaxy', 'need', 'better', 'charge']"
86,"['work', 'well', 'galaxy', 'strong', 'awesome', 'price', 'great', 'quality', 'love', 'charged', 'little', 'cheap', 'fast', 'mention', 'charge', 'give', 'long']"
87,"['work', 'charge', 'galaxy']"
88,"['galaxy', 'price', 'great', 'product', 'fast', 'charge']"
89,"['well', 'need', 'charge', 'great', 'product', 'future']"
90,"['reach', 'coiled', 'dont', 'big', 'people', 'put', 'stress', 'little', 'break', 'realize', 'wish', 'fine', 'charge']"
91,"['part', 'galaxy', 'fancy', 'show', 'output', 'price', 'new', 'needed', 'return', 'swooped', 'wrong', 'charge', 'top']"
92,"['perfectly', 'price', 'great', 'bought', 'charge', 'solid']"
93,"['cheap', 'bought']"
94,"['like', 'great', 'wish', 'charge', 'love']"
95,['great']
96,"['work', 'fall', 'perfectly', 'price', 'big', 'say', 'amazon', 'great', 'cost', 'cheap', 'bought', 'get', 'charge', 'name', 'mention', 'pay']"
97,"['good', 'fast']"
98,"['price', 'can', 'beat', 'right']"
